rank,uri,artist_names,track_name,source,peak_rank,previous_rank,weeks_on_chart,streams
1,"spotify:track:4fSIb4hdOQ151TILNsSEaF","Rauw Alejandro","Todo De Ti","Sony Music Latin/Duars Entertainment",1,3,2,"13060862"
2,"spotify:track:2MnLkFqY9Rpg9s3Zv6ZJdK","Gera MX, Christian Nodal","Botella Tras Botella","Virgin Music México",1,1,6,"6907931"
3,"spotify:track:7Bk0uXKk1uPT0XuQbpFzvs","Los Legendarios, Wisin, Jhay Cortez","Fiel","La Base Music Group/ WK Records",1,2,16,"5484252"
4,"spotify:track:2rCbl9naJYhaxjLsfx88uM","Sebastian Yatra, Myke Towers","Pareja Del Año","UMLE - Latino",4,4,7,"4889079"
5,"spotify:track:2dNhNlpZAtV4lwAFW45LIv","Nio Garcia, Flow La Movie","AM","Flow La Movie, Inc.",3,5,10,"4390043"
6,"spotify:track:71R8HJxQk5qMiRstrlXN9t","Rauw Alejandro, Mr. Naisgai","2/Catorce","Sony Music Latin/Duars Entertainment",6,9,5,"3578975"
7,"spotify:track:4MzXwWMhyBbmu6hOcLVD49","Bad Bunny, Jhay Cortez","DÁKITI","Rimas Entertainment LLC",1,7,31,"3451618"
8,"spotify:track:2FSGUA0gFgGeQdprjtGM2M","KAROL G, Mariah Angeliq","EL MAKINON","UMLE - Latino",7,8,10,"3151593"
9,"spotify:track:3VqeTFIvhxu3DIe4eZVzGq","BTS","Butter","BIGHIT MUSIC",6,6,2,"3100244"
10,"spotify:track:1xK1Gg9SxG8fy2Ya373oqb","Myke Towers, Juhn","Bandido","White World Music",3,10,24,"2762020"
11,"spotify:track:6tDDoYIxWvMLTdKpjFkc1B","Kali Uchis","telepatía","EMI / Interscope",1,11,16,"2715680"
12,"spotify:track:7xT1n5JKpB0bMPh6FL589e","Crissin, Totoy El Frio, Natan & Shander","Poblado","Kapital Music & Entertainment",10,12,5,"2557964"
13,"spotify:track:2XIc1pqjXV3Cr2BQUGNBck","Bad Bunny, ROSALÍA","LA NOCHE DE ANOCHE","Rimas Entertainment LLC",3,13,27,"2329545"
14,"spotify:track:4loQgPwJHocL3dFwLfjb1J","Rauw Alejandro, Anuel AA","Reloj","Sony Music Latin/Duars Entertainment",5,15,32,"2313158"
15,"spotify:track:4ZtFanR9U6ndgddUvNcjcG","Olivia Rodrigo","good 4 u","Olivia Rodrigo PS",14,14,3,"2269437"
16,"spotify:track:7D93pJcwymzaZx8WgBo2zG","Rauw Alejandro","Algo Mágico","Sony Music Latin/Duars Entertainment",11,28,18,"2192354"
17,"spotify:track:2p2Q23iaaPSEa1tI6TsCVX","Sech","911","Rich Music",8,16,16,"2112720"
18,"spotify:track:5jzEwSyyymBlf1fa1o39T2","Mora, Jhay Cortez","512","Rimas Entertainment LLC",18,32,5,"2102348"
19,"spotify:track:1WvrDdouh6C51In1SdATbq","KAROL G","BICHOTA","UMLE - Latino",2,17,32,"2081641"
20,"spotify:track:4DdnffqoFr9wDRlCACNmGf","Natanael Cano, Oscar Maydon","Porte Exuberante","WEA Latina",20,-1,1,"2073910"
21,"spotify:track:4H3t8C59tXjKf1R2iKtc5M","Marca MP","Ya Acabo","Marca MP",21,21,10,"1984844"
22,"spotify:track:748mdHapucXQri7IAO8yFK","Doja Cat, SZA","Kiss Me More (feat. SZA)","Kemosabe Records/RCA Records",21,23,7,"1978046"
23,"spotify:track:1yoMvmasuxZfqHEipJhRbp","Maluma","Hawái","Sony Music Latin",1,18,44,"1954390"
24,"spotify:track:079Ey5uxL04AKPQgVQwx5h","Selena Gomez, Rauw Alejandro","Baila Conmigo (with Rauw Alejandro)","Selena Gomez Latin Project",7,26,18,"1906597"
25,"spotify:track:5nujrmhLynf4yMoMtj8AQF","Dua Lipa, DaBaby","Levitating (feat. DaBaby)","Warner Records",16,19,23,"1903244"
26,"spotify:track:67BtfxlNbhBmCDR2L2l8qd","Lil Nas X","MONTERO (Call Me By Your Name)","Columbia",15,24,10,"1881164"
27,"spotify:track:5u7twkeask1VIyDeNTElSU","Sech","Sal y Perrea","Rich Music",27,31,4,"1840616"
28,"spotify:track:06IceO7e9isF3nX3y7dOTe","Lupillo Rivera, Aleman, Santa Fe Klan, Snoop Dogg, B-Real","Grandes Ligas","Prajin Parlay / Z Records",20,22,3,"1796098"
29,"spotify:track:37BZB0z9T8Xu7U3e65qxFy","The Weeknd, Ariana Grande","Save Your Tears (with Ariana Grande) (Remix)","Republic Records",19,36,6,"1789488"
30,"spotify:track:16ONd70tvWAaLIc6hcLzaG","Christian Nodal","Aquí Abajo","Universal Music Mexico",6,29,47,"1781612"
31,"spotify:track:7E9GeFGfjXw9LAI4ay6rsw","Grupo Firme, Carin Leon","El Tóxico","Music VIP Entertainment Inc",17,27,31,"1779842"
32,"spotify:track:4iJyoBOLtHqaGxP12qzhQI","Justin Bieber, Daniel Caesar, Giveon","Peaches (feat. Daniel Caesar & Giveon)","RBMG/Def Jam",7,20,11,"1764188"
33,"spotify:track:6HU7h9RYOaPRFeh0R3UeAr","Olivia Rodrigo","deja vu","Olivia Rodrigo PS",25,25,8,"1717630"
34,"spotify:track:6mm3K0yWp6uzfOMuipM9Zh","Piso 21","Tan Bonita","WM Mexico",34,51,9,"1696005"
35,"spotify:track:7MAibcTli4IisCtbHKrGMh","Bruno Mars, Anderson .Paak, Silk Sonic","Leave The Door Open","Aftermath Entertainment/Atlantic",19,30,13,"1648714"
36,"spotify:track:4DHDIdeayp8xvlyg22wREO","Natti Natasha, Becky G","Ram Pam Pam","Sony Music Latin",36,59,4,"1615452"
37,"spotify:track:0VjIjW4GlUZAMYd2vXMi3b","The Weeknd","Blinding Lights","Republic Records",2,38,79,"1549087"
38,"spotify:track:1s59X35jDULAyOGmBuTAnd","Lenin Ramírez, Grupo Firme","Yo Ya No Vuelvo Contigo - En Vivo","DEL Records",27,35,78,"1538927"
39,"spotify:track:6vPAmoERUMRoTZaCCSWQ12","Luis Miguel","Hasta Que Me Olvides","WEA Latina",11,34,77,"1533302"
40,"spotify:track:4nbWX2HzrOEnX4xxvYRCyU","El Fantasma, Los Dos Carnales","Cabrón y Vago - En Vivo","Afinarte Music",17,37,43,"1526420"
41,"spotify:track:4cV6ld7uIs906zOwNscoBM","Los Plebes del Rancho de Ariel Camacho, Christian Nodal","2 Veces","Universal Music Mexico",39,39,13,"1507285"
42,"spotify:track:5RubKOuDoPn5Kj5TLVxSxY","Bad Bunny","TE MUDASTE","Rimas Entertainment LLC",4,41,27,"1475631"
43,"spotify:track:2f0Ft2XdvNSMSY5TUlZgEz","Pablo Alborán","Saturno","WM Spain",43,57,28,"1432500"
44,"spotify:track:3VvA1wSxukMLsvXoXtlwWx","Boza","Hecha Pa' Mi","Sony Music Latin",6,42,28,"1423333"
45,"spotify:track:5wANPM4fQCJwkGd4rN57mH","Olivia Rodrigo","drivers license","Olivia Rodrigo PS",8,33,21,"1411793"
46,"spotify:track:0tKl8ZVM6xJkhznvJAS3Nq","Junior H","Ella","Rancho Humilde",45,45,72,"1397543"
47,"spotify:track:5YYW3yRktprLRr47WK219Y","Rochy RD, Myke Towers, Nicki Nicole","Ella No Es Tuya - Remix","Sony Music Latin",10,46,15,"1384300"
48,"spotify:track:5VzNsUnLmYcRfRfxpQsusa","Manuel Turizo, Rauw Alejandro, Myke Towers","La Nota","Sony Music Latin/La Industria",11,55,34,"1382150"
49,"spotify:track:3lR4O0vtkhCAvVEUEWUL0S","Piso 21, Christian Nodal","Pa' Olvidarme De Ella","WM Mexico",6,47,91,"1366336"
50,"spotify:track:26xQbFpVg8JCT5NKQFJXg8","Fuerza Regida, Calle 24","Que Esta Pasando","Rancho Humilde - Lumbre Music - Streetmob Records",40,43,5,"1359598"
51,"spotify:track:00szcRmgqJGtqrfIUYkM1h","Piso 21, Maluma","Más De La Una","WM Mexico",18,49,26,"1354059"
52,"spotify:track:0fea68AdmYNygeTGI4RC18","J Balvin, Bad Bunny","LA CANCIÓN","Universal Music Latino / Rimas",1,54,101,"1289502"
53,"spotify:track:1uKjQoh8JZj9ryuYRhpd7E","Luis Miguel","Ahora Te Puedes Marchar","WM Mexico",21,48,232,"1288943"
54,"spotify:track:5QO79kh1waicV47BqGRL3g","The Weeknd","Save Your Tears","Republic Records",5,50,23,"1285766"
55,"spotify:track:6ifUES3keWjwXgae8pXI3o","Danny Ocean","Me Rehúso","Atlantic Records",1,60,227,"1230734"
56,"spotify:track:6VOb0Kkrd45Bp5RHYSla2J","Reik, Maluma","Perfecta","Sony Music México",56,-1,1,"1199632"
57,"spotify:track:0vtYnEw1eJwW26BrBnOAYJ","Banda MS de Sergio Lizárraga","La Casita","Lizos Music",36,53,20,"1196192"
58,"spotify:track:6UU24wuWgGwuSBAxDH866Z","Kidd Keo, Yay","Ma Vie (feat. Yay)","WEA Latina",58,71,6,"1189264"
59,"spotify:track:0akyEssGRVHstqCSWXusJL","Ed Maverick","Fuentes de Ortiz","Universal Music Mexico",21,61,125,"1170158"
60,"spotify:track:2bgcUk2A3jjKbCJ7KPquTi","Wisin, Myke Towers, Los Legendarios","Mi Niña","La Base Music Group/ WK Records",10,40,35,"1165588"
61,"spotify:track:4PEfJZpVjdclfzZ9XO8uDw","Kevin Roldan, Bryant Myers, Lyanno","Hasta Abajo","UMLE - Latino",17,56,30,"1153051"
62,"spotify:track:21N4Buj4xsyLb218lYle61","Sebastian Yatra, Guaynaa","Chica Ideal","UMLE - Latino",12,65,32,"1150736"
63,"spotify:track:3ke6it1vTmHtz2ApcIVUz5","Bizarrap, Snow Tha Product","Snow Tha Product: Bzrp Music Sessions, Vol. 39","WEA Latina/DALE PLAY Records",25,52,5,"1150526"
64,"spotify:track:6RV9pRLIQiXm3qTGeyQluf","Camilo, Evaluna Montaner","Machu Picchu","Sony Music Latin",19,58,13,"1147490"
65,"spotify:track:4saklk6nie3yiGePpBwUoc","BTS","Dynamite","BIGHIT MUSIC",21,44,41,"1115776"
66,"spotify:track:0EhpEsp4L0oRGM0vmeaN5e","J Balvin, Dua Lipa, Bad Bunny, Tainy","UN DIA (ONE DAY) (Feat. Tainy)","Universal Music Latino/ NEON16",4,69,45,"1105755"
67,"spotify:track:4HYDUMY0xSpeBr0AMY9cUz","Jay Wheeler, DJ Nelson, Myke Towers","La Curiosidad","Linked Music / Dynamic Records / EMPIRE",6,62,49,"1095389"
68,"spotify:track:4jcxBTrNvyqMJdMDyyjdYV","Christian Nodal, Ángela Aguilar","Dime Cómo Quieres","Universal Music Mexico",4,67,29,"1079598"
69,"spotify:track:7BoobGhD4x5K96Me0hqC8Q","Bella Poarch","Build a Bitch","Warner Records",68,68,3,"1066291"
70,"spotify:track:6hf0RpxTbOprT5nnwzkk8e","J Balvin, Maria Becerra","Qué Más Pues?","Sueños Globales, LLC",70,-1,1,"1065790"
71,"spotify:track:1qfoq1qvZT7VwDVeekCJ97","Christian Nodal","De Los Besos Que Te Di","Universal Music Mexico",17,72,112,"1063828"
72,"spotify:track:3PfIrDoz19wz7qK7tYeu62","Dua Lipa","Don't Start Now","Warner Records",8,70,83,"1063721"
73,"spotify:track:478g4LSkyMB1PMkVOVmIaE","KAROL G, Anuel AA, J Balvin","LOCATION","UMLE - Latino",17,66,16,"1057483"
74,"spotify:track:2XlGKZNMkRKvEJsbwQ6MCl","Grupo Firme, Grupo Codiciado","Gracias - En Vivo","Music VIP Entertainment Inc",55,64,9,"1056700"
75,"spotify:track:6f3Slt0GbA2bPZlz0aIFXN","Tiësto","The Business","Atlantic Records",39,74,16,"1053437"
76,"spotify:track:4RJz8NfIe09gpKMiRUWKhJ","Maluma, Lenny Tavárez, Justin Quiles","Parce (feat. Justin Quiles)","Sony Music Latin",6,63,41,"1050310"
77,"spotify:track:6F9yAYUaNbUhdlQyt5uZ3b","Luis Miguel","La Incondicional","WEA Latina",26,73,165,"1036397"
78,"spotify:track:2fIPEgY8CJ4hh5UDZa2lB9","Humbe","EL POETA","Sony Music México",49,118,11,"1013848"
79,"spotify:track:4R8BJggjosTswLxtkw8V7P","Jhay Cortez, J Balvin, Bad Bunny","No Me Conoce - Remix","N&E Entertainment LLC",3,79,107,"1010387"
80,"spotify:track:0BGwAKW4u8kWOhWFflZxfl","Masked Wolf","Astronaut In The Ocean","Elektra (NEK)",47,77,12,"1002125"
81,"spotify:track:4Ixc50wY5pbUvNEogTQ2wL","Bad Bunny, Luar La L","100 MILLONES","Rimas Entertainment LLC",81,-1,1,"999763"
82,"spotify:track:5y7DaS3jAc9eZzcSOoUIwU","Ozuna, J Balvin, Chencho Corleone","Una Locura","Aura Music Corp.",18,76,39,"992767"
83,"spotify:track:6WYB1odDfMPVMyp1QxFInT","Eslabon Armado","Con Tus Besos","Eslabon Armado",47,78,59,"982579"
84,"spotify:track:5RAIMjdrCEjpjaR5tBATXU","Maluma, Beéle, Rauw Alejandro, Mambo Kingz, DJ Luian, Darell","Aloha","Hear This Music",84,115,8,"978059"
85,"spotify:track:35UUpTmrcFXNIVIN26ujXl","Sech, Daddy Yankee, J Balvin, ROSALÍA, Farruko","Relación - Remix","Rich Music",2,80,39,"969404"
86,"spotify:track:7paFC3FEu1WtPVP4Do6VZN","Christian Nodal","Se Me Olvidó","Universal Music Mexico",3,92,65,"961005"
87,"spotify:track:63Zaf8Rci6eOUPqDQ4fUFx","Camilo, Christian Nodal","La Mitad","Sony Music Latin",17,94,59,"960205"
88,"spotify:track:6sRaqq9SYsSTPvrWkL1sRy","Mi Banda El Mexicano","Ramito De Violetas","Craft Recordings",40,75,68,"957893"
89,"spotify:track:7hbk4BaF66O09R1gq0bKwj","Christian Nodal","No Te Contaron Mal","Universal Music Mexico",9,89,143,"949632"
90,"spotify:track:3Zf4GutWZ7Hv3wsVQsSQPs","Camilo, El Alfa","BEBÉ","Sony Music Latin",17,93,27,"944616"
91,"spotify:track:2MeEuwplwbbjZ7hxRI6viw","Grupo Firme, Marca MP","El Güero (Feat. Marca MP)","Music VIP Entertainment Inc",47,84,76,"944062"
92,"spotify:track:4NUt1fcnO9aQAELBgXq3Kr","Alejandro Fernández","Me Dediqué a Perderte","Columbia",73,114,232,"942669"
93,"spotify:track:2QwMXe5zbqymDZGYsMDVqZ","Carin Leon","Me La Avente","Tamarindo Rekordsz",27,90,104,"929372"
94,"spotify:track:4CLkDJ4xLqkV4Vt2vPOny1","El Fantasma","Palabra de Hombre","Afinarte Music",49,85,65,"924364"
95,"spotify:track:2dl5K2ScW7jYhAhuem06cm","Daddy Yankee","PROBLEMA","Republic Records",57,86,14,"915105"
96,"spotify:track:4nTduFjaTmGysc9WKNuCcs","Camilo","Vida de Rico","Sony Music Latin",5,87,37,"908710"
97,"spotify:track:6VuUMo1TusnqBxLTnr3hOI","León Larregui","Brillas","EMI México",43,82,232,"908576"
98,"spotify:track:4G3PTss3mU33Tau7t4KbwE","Rauw Alejandro, Camilo","Tattoo - Remix with Camilo","Sony Music Latin/Duars Entertainment",4,101,47,"903210"
99,"spotify:track:1nLs8r6K4YN0avBwUmmTnr","Carin Leon","Tú","Tamarindo Rekordsz",14,95,53,"902725"
100,"spotify:track:3p6eieHX6oEOzJStPtEsLu","Calibre 50","Si Te Pudiera Mentir","Calibre",76,81,45,"899384"
101,"spotify:track:35wvL50xvKpCHEJPxLOLPI","Bad Bunny","Si Estuviésemos Juntos","Rimas Entertainment LLC",52,110,107,"890367"
102,"spotify:track:2TH65lNHgvLxCKXM3apjxI","Bad Bunny, Tainy","Callaita","Rimas Entertainment LLC",1,102,105,"885441"
103,"spotify:track:6UelLqGlWMcVH1E5c4H7lY","Harry Styles","Watermelon Sugar","Columbia",28,107,65,"883753"
104,"spotify:track:5CZ40GBx1sQ9agT82CLQCT","Olivia Rodrigo","traitor","Olivia Rodrigo PS",83,83,2,"878940"
105,"spotify:track:7BwxbmYFy0l3ROHDjV2c14","Luis Miguel","Culpable O No - Miénteme Como Siempre","WEA Latina",4,98,158,"876571"
106,"spotify:track:53PoPAD389bBE4ePYuT95g","Los Dos Carnales","El Envidioso","Afinarte Music",52,103,51,"875233"
107,"spotify:track:2lCkncy6bIB0LTMT7kvrD1","J Balvin","Azul","UMLE - Latino",1,104,63,"867863"
108,"spotify:track:69vlMrzHwATKzupwNcUPyK","Bad Bunny, Daddy Yankee","La Santa","Rimas Entertainment LLC",5,105,66,"861759"
109,"spotify:track:11EnQRgRMJwMAesfkB5pnu","Lele Pons, Guaynaa","Se Te Nota (with Guaynaa)","Shots Studios & Music/10:22pm/Interscope Records",2,96,39,"857498"
110,"spotify:track:3WQilym5Vi4ypxb70vx0eY","Junior H","Mente Positiva","Rancho Humilde / Z Records",110,124,56,"856457"
111,"spotify:track:6dyUkkcyYuDiHOwIRXYOJm","Wisin, Yandel, Farruko, Jon Z, Don Chezina, Chencho Corleone, Myke Towers","3G (feat. Jon Z, Don Chezina, Chencho Corleone & Myke Towers) - Remix","Sony Music Latin",47,122,17,"852902"
112,"spotify:track:2n7ohqg1s68ToAHh4u9mcW","Bad Bunny","Vete","Rimas Entertainment LLC",1,116,80,"851546"
113,"spotify:track:5aJ1M43pinROpwaPnO8KRj","Natanael Cano","Amor Tumbado","Rancho Humilde",30,127,72,"850942"
114,"spotify:track:2tFwfmceQa1Y6nRPhYbEtC","Jhay Cortez, Bad Bunny","CÓMO SE SIENTE - Remix","N&E Entertainment LLC",26,117,56,"847005"
115,"spotify:track:41wtwzCZkXwpnakmwJ239F","Bad Bunny","Si Veo a Tu Mamá","Rimas Entertainment LLC",1,126,66,"842120"
116,"spotify:track:0dKg2vGC1hFqcK5LGTaKzX","KAROL G, Nicki Minaj","Tusa","UMLE - Latino",1,113,82,"840936"
117,"spotify:track:2DEZmgHKAvm41k4J3R2E9Y","Bad Bunny, Jowell & Randy, Ñengo Flow","Safaera","Rimas Entertainment LLC",1,121,66,"829486"
118,"spotify:track:6fmQjRuo7XvRFCK2qex5hQ","Jerry Di","Mi Cuarto","Nacho",4,100,43,"827308"
119,"spotify:track:15OjBeqNX3bShsGYQbteRv","Farruko","La Tóxica","Sony Music Latin",4,109,40,"823594"
120,"spotify:track:1Crj1zkRMpsEjb9NOR6Zof","Bizarrap, L-Gante","L-Gante: Bzrp Music Sessions, Vol.38","DALE PLAY Records",73,99,11,"819336"
121,"spotify:track:1rgnBhdG2JDFTbYkYRZAku","Tones And I","Dance Monkey","Elektra (NEK)",2,120,90,"815531"
122,"spotify:track:2tGvwE8GcFKwNdAXMnlbfl","Olivia Rodrigo","happier","Olivia Rodrigo PS",97,97,2,"808552"
123,"spotify:track:2TzkIzgzIHhewMxyh1u4hh","Kevin Kaarl","Vámonos a Marte","Kevin Kaarl",121,134,26,"801670"
124,"spotify:track:2zVwQPvU5931c7zS0u7wWW","Justin Morales","Desde Morro","Rancho Humilde",121,123,19,"801243"
125,"spotify:track:3D3W7rDsuJIAtjInwh6Moc","Luis Angel ""El Flaco"", Grupo Firme","Hasta la Miel Amarga (feat. Grupo Firme)","LAR Music",92,119,24,"799758"
126,"spotify:track:2mM3gZ0BbPwPPMelbA8vgt","Milly, Farruko, Nio Garcia, Jay Wheeler, Amenazzy","No Te Enamores - Remix","Carbon Fiber Music",46,108,22,"799568"
127,"spotify:track:6VZMIyzOupI4vA68RaUgXb","Reik, Christian Nodal","Poco","Sony Music México",44,137,27,"795310"
128,"spotify:track:0JDrG1g5HXbfgGtRKT0ofH","Natanael Cano","Diamantes","WEA Latina",128,-1,1,"795277"
129,"spotify:track:1Z04XN4pH2b8JfdiaIEkl5","Los 2 de la S, Banda MS de Sergio Lizárraga","Somos Los Que Somos - En Vivo","Lizos Music",99,112,23,"794517"
130,"spotify:track:41BzKiCrKpUQHS3TP0jmdr","Maluma","Agua de Jamaica","Sony Music Latin",51,136,18,"792251"
131,"spotify:track:4A9u8OrzFYbxdjiydkNdUi","Papu DJ, L-Gante","L-Gante: RKT SESSIONS #1","PAPU DJ",112,130,8,"781859"
132,"spotify:track:2vBET2pmrQqafaS6zIaYta","Black Eyed Peas, Shakira","GIRL LIKE ME","Epic",17,91,25,"781662"
133,"spotify:track:3D5uEBD0cAEGZGUo5j9045","La Factoria","Todavia","UMG Recordings, Inc.",106,106,70,"779949"
134,"spotify:track:1l77YWrGUp3qX3NS1rz7lq","Banda MS de Sergio Lizárraga","El Color de Tus Ojos","Lizos Music",24,139,190,"776311"
135,"spotify:track:6bvfJf4KjonPMuPfGfy3S2","Nio Garcia, Anuel AA, Myke Towers, Brray, Juanka","La Jeepeta - Remix","Flow La Movie, Inc.",1,131,55,"775339"
136,"spotify:track:4r9jkMEnArtWGH2rL2FZl0","Bad Bunny","A Tu Merced","Rimas Entertainment LLC",18,146,66,"773848"
137,"spotify:track:26w9NTiE9NGjW1ZvIOd1So","Bad Bunny","BOOKER T","Rimas Entertainment LLC",10,138,27,"772343"
138,"spotify:track:5Myb8S90Wg0yLec5kmrIGJ","Los Ángeles Azules, Belinda, Lalo Ebratt, Horacio Palencia","Amor a Primera Vista","OCESA Seitrack",13,147,103,"767051"
139,"spotify:track:3fBJNawfhtgCmo58trRK2z","Banda MS de Sergio Lizárraga","Cerrando Ciclos","Lizos Music",100,129,27,"761575"
140,"spotify:track:5GkeaIeCEfB0LOqk7sIVHQ","Los Elegantes de Jerez","Tú","LE Music",134,141,31,"754736"
141,"spotify:track:46DU5gYWY2vjE79mbhX4Wv","Junior H, Natanael Cano","Disfruto Lo Malo","Jimmy Humilde Music",101,156,34,"752173"
142,"spotify:track:26QApq0cuO9brJigr0C0W4","Bad Bunny","HACIENDO QUE ME AMAS","Rimas Entertainment LLC",5,152,27,"741990"
143,"spotify:track:1Wrzhfa5bNlqvsnCztz190","Hombres G","Devuélveme a mi chica","WM Spain",72,149,197,"735653"
144,"spotify:track:7MmrcXVA7A5zZ2CbDuGHNa","Rels B","A Mí","ILoveRibs! / MÉCÈN Ent.",68,153,119,"735351"
145,"spotify:track:5HpXH64cSBNu26yhw3vK37","Carin Leon, Conjunto Primavera","El Amor De Tu Vida","Tamarindo Rekordsz",82,133,39,"732979"
146,"spotify:track:48XgkAh1fkcZqA2EZWCDX6","Aleman, Snoop Dogg","Mi Tío Snoop","Homegrown Entertainment",36,145,27,"727043"
147,"spotify:track:2zY1iTaEgs8ROkkWtWLe7l","Camilo","Ropa Cara","Sony Music Latin",4,140,20,"725715"
148,"spotify:track:2LXOSAYiSrTfIf8smheLaz","MC Davo, Calibre 50","¿Quién Te Crees?","Andaluz Music, LLC",58,125,11,"724515"
149,"spotify:track:798ahLNEcoFER7Vywg1FMT","Calibre 50","A La Antigüita","Andaluz Music, LLC",149,155,3,"720069"
150,"spotify:track:6SRsiMl7w1USE4mFqrOhHC","Olivia Rodrigo","brutal","Olivia Rodrigo PS",88,88,2,"716242"
151,"spotify:track:6Pur3hWy6Nzc27ilmsp5HA","Los Enanitos Verdes","Lamento Boliviano","EMI Latin",84,143,145,"715946"
152,"spotify:track:3N1D4VrIeFeZyraFaIOakm","Remik Gonzalez, BeeJay","Desvielados","Rolando Hits",137,148,4,"715145"
153,"spotify:track:5JCoSi02qi3jJeHdZXMmR8","Olivia Rodrigo","favorite crime","Olivia Rodrigo PS",153,174,2,"714076"
154,"spotify:track:4ggabbjjuHrG06SsYnqvEs","Chayín Rubio","Ya Me Enteré","UMLE - Fonovisa",61,132,94,"711870"
155,"spotify:track:6SnO4yCCYtz2rffMpEAlro","Christian Nodal","Nace Un Borracho","Universal Music Mexico",17,158,38,"709876"
156,"spotify:track:7A07Yu1dRND3RKDzbhKrDs","Intocable","Fuerte No Soy","Capitol Latin",97,111,51,"709667"
157,"spotify:track:63bmZnBN1CiJ9sA4qTEe8y","Christian Nodal","Adiós Amor","Universal Music Mexico",9,157,232,"709280"
158,"spotify:track:4SJHHpKhcuXwDsCsPqshXj","Rauw Alejandro, Chencho Corleone","El Efecto","Duars Entertainment, Corp.",11,191,60,"707434"
159,"spotify:track:3elpkpwYlmUbuvmVps08lJ","Santa Fe Klan, Nanpa Básico","Te Ire A Buscar","Rap Trap Records / Alzada Corp",159,164,10,"706857"
160,"spotify:track:57Ba26w9eoXx8BBUNgRNLV","Super Yei, Jone Quest, Sammy, Myke Towers, Lenny Tavárez, Rafa Pabön","La Forma en Que Me Miras","2020 Superiority | Powered by GLAD EMPIRE, LLC",86,151,66,"706517"
161,"spotify:track:0SqqAgdovOE24BzxIClpjw","Bad Bunny","Yo Perreo Sola","Rimas Entertainment LLC",1,163,66,"704050"
162,"spotify:track:4prmUBle7TtAeeUgCnsc3Z","Christian Nodal","Probablemente","Universal Music Mexico",12,165,202,"703117"
163,"spotify:track:0kRU83ecI57Iw1kPTeUwK5","Manuel Turizo, Maluma","Amor en Coma","Sony Music Latin/La Industria",145,161,8,"702030"
164,"spotify:track:3YAnNBdk0uHyakXXzMbNJq","Camilo","Millones","Sony Music Latin",137,150,8,"700464"
165,"spotify:track:2JJSGhPpATm8lXeYjD95fw","Bobby Pulido","Desvelado","Capitol Latin",131,144,24,"699949"
166,"spotify:track:55mzJ0LftLnef8sxAjrMkU","Santa Fe Klan, Neto Peña, Yoss Bones","Debo Entender","Rap Trap Records / Alzada Corp",166,172,2,"696048"
167,"spotify:track:7dT9D6117e5DbhnKxDLNW9","Kevin Kaarl","Colapso","Kevin Kaarl",167,187,4,"694377"
168,"spotify:track:0SIooo95Kba3UwPBRUOcmd","Aldo Trujillo","Todos Hablan, Nada Saben","GodKing Records under exclusive license to DashGo",115,170,73,"693874"
169,"spotify:track:1beTDCe7sT7fzm8WIKXicz","KAROL G","Ay, DiOs Mío!","UMLE - Latino",3,160,47,"692801"
170,"spotify:track:017PF4Q3l4DBUiWoXk4OWT","Dua Lipa","Break My Heart","Warner Records",18,171,62,"686294"
171,"spotify:track:4p7XH4NhQ25iGYrrbg93gt","Luis Miguel","Suave","WEA Latina",64,162,32,"685907"
172,"spotify:track:2UypFzxfaYgMUnQX2k4qtj","Pepe Aguilar, Melissa Robles, Ángela Aguilar, La Marisoul","Prometiste","Pepe Aguilar",58,177,194,"680999"
173,"spotify:track:72kaj3MRKcGnv2dbukJQRA","Los Dos Carnales","Vida Ventajosa","Afinarte Music",62,154,41,"676833"
174,"spotify:track:39LLxExYz6ewLAcYrzQQyP","Dua Lipa","Levitating","Warner Records",118,175,8,"674290"
175,"spotify:track:5stPVcRqb4qixbafP9e8lt","Dalex, Lenny Tavárez, Chencho Corleone, Juhn, Dímelo Flow","Hola - Remix","Rich Music",10,181,80,"668677"
176,"spotify:track:1iRvhKiXRElIH2Uf4gd95P","Jesse & Joy","Dueles","WM Mexico",43,-1,38,"666773"
177,"spotify:track:5J7teKIJGtqVypgYI6sqXj","Bad Bunny, Mora","Una Vez","Rimas Entertainment LLC",30,189,50,"662455"
178,"spotify:track:4FqfHVML025cwjfhAOFbfa","Luis Miguel","Por Debajo De La Mesa","WEA Latina",120,173,39,"660178"
179,"spotify:track:38RIEav39FGi86jppxO0du","Bad Bunny, Sech","Ignorantes","Rimas Entertainment LLC",2,185,68,"657559"
180,"spotify:track:5mROvpdGeu1vSbZhZoay5O","Andy Rivera","Alguien Más","Sony Music Entertainment",180,186,2,"655660"
181,"spotify:track:1Utd9DbmWNHWjEuzItBmRX","La Adictiva Banda San José de Mesillas","En Peligro de Extinción","Anval Music",20,168,133,"655536"
182,"spotify:track:5jW3rF4URMdK7tO2xjS5EI","Paulo Londra","Tal Vez","WEA Latina",2,182,113,"655102"
183,"spotify:track:6CFaze42M5wiTqMidNtJLE","Alejandro Fernández, Christian Nodal","Duele","UMLE - Latino",34,142,16,"653684"
184,"spotify:track:27XboT5Wb8VOn7A0heo3Ei","Luis Miguel","Tengo Todo Excepto a Ti","WEA Latina",31,179,41,"651069"
185,"spotify:track:5SP2ca8eU4WFK2LLdVQvmx","Perdidos De Sinaloa","Voy a Amarte","RB Music",139,166,10,"651023"
186,"spotify:track:4YU704KDCv4tyE6qQxliY3","Junior H","No Me Pesa","WEA Latina",186,-1,1,"650368"
187,"spotify:track:0pqnGHJpmpxLKifKRmU6WP","Imagine Dragons","Believer","Kid Ina Korner / Interscope",34,195,223,"642369"
188,"spotify:track:1mauYRwbpoGQX6itP2FAJC","Nicky Jam, Romeo Santos","Fan de Tus Fotos","Sony Music Latin",106,159,15,"636026"
189,"spotify:track:1lKI9y1DL6QnYTZguVmACX","Luis Miguel","La Media Vuelta","WEA Latina",71,178,55,"634014"
190,"spotify:track:70w1mwTod6NgCNV6e7ZlIQ","Grupo Firme, Luis Alfonso Partida El Yaki","Cada Vez Te Extraño Más","Music VIP Entertainment Inc",70,-1,79,"633964"
191,"spotify:track:45S5WTQEGOB1VHr1Q4FuPl","Harry Styles","Golden","Columbia",56,193,32,"633718"
192,"spotify:track:059bcIhyc2SBwm6sw2AZzd","Piso 21, Micro TDH","Te Vi","WM Mexico",3,194,129,"633225"
193,"spotify:track:2CdTLdDjwZdVcm0bresVWx","J Balvin, Khalid","Otra Noche Sin Ti","Sueños Globales, LLC",67,-1,7,"632044"
194,"spotify:track:3jjujdWJ72nww5eGnfs2E7","Harry Styles","Adore You","Columbia",56,198,77,"631222"
195,"spotify:track:6NfrH0ANGmgBXyxgV2PeXt","Bad Bunny","La Difícil","Rimas Entertainment LLC",3,197,66,"627633"
196,"spotify:track:0ldT3gl7aGNzrJyd4b1CA4","Grupo Firme, Lenin Ramírez","En Tu Perra Vida","Music VIP Entertainment Inc",196,-1,1,"626792"
197,"spotify:track:2sUknbm8xdLQgH7wb8xcTX","Lefty Sm, Santa Fe Klan","Por Mi México","Rap Trap Records / Alzada Corp",197,-1,1,"624657"
198,"spotify:track:3K6noLeoPTQJ5jUErC8jT5","Calibre 50","Simplemente Gracias","Calibre",46,180,104,"623773"
199,"spotify:track:1bRpSCFv6P2OUhciByeRYR","Alex Rose, Rafa Pabön","Jangueo","Los Oidos Fresh/ Los Proximos",7,-1,70,"619544"
200,"spotify:track:4K8cyoCDovlc4FvtUr2Hfx","Cali Y El Dandee, Danna Paola","Nada","Cali y El Dandee PS",20,-1,41,"619397"
